stripeAccountId,account_number,country
acct_1H70CuKEQZ4UMJ5n,NL89370400440532013000,NL
acct_1H70CnG9DzO1ruew,NL89370400440532013001,NL
acct_1H70CgEYRepWUMo6,NL89370400440532013002,NL
acct_1H70CZFGoLM8Llsi,NL89370400440532013003,NL
acct_1H70CQLPaFhssf8p,NL89370400440532013004,NL
acct_1H70CJEWG7L1iIPA,NL89370400440532013005,NL
acct_1H70CCF1SkmxH5Wn,NL89370400440532013006,NL
acct_1H70C5JBj3k3gx4e,NL89370400440532013007,NL
acct_1H70ByGiYys165Oh,NL89370400440532013008,NL
acct_1H70BrDeiI2NVAFq,NL89370400440532013009,NL
acct_1H7079Ixw8HJXxxn,NL89370400440532013010,NL
acct_1H7073CkEn1j5OmQ,NL89370400440532013011,NL
acct_1H6zyUGW0tvn2ruO,NL89370400440532013012,NL
acct_1H6zwzB4Hl6WZE16,NL89370400440532013013,NL
acct_1H6zvMAhEPm8VgEr,NL89370400440532013014,NL
acct_1H5VLVE7EFNO9a8X,NL89370400440532013015,NL
acct_1H3O0gI0eDmPA4fY,NL89370400440532013016,NL
acct_1H3MtZAXzUdR5QJh,NL89370400440532013017,NL
acct_1H3MhwKnDQQ5N4kr,NL89370400440532013018,NL
acct_1H3Mf2DrBxTc6SOT,NL89370400440532013019,NL
acct_1H3JMVFGGrPNvNEO,NL89370400440532013020,NL
acct_1H3JJuGH1dsGoqjT,NL89370400440532013021,NL
acct_1H3JGiGIuzyoVhAB,NL89370400440532013022,NL
acct_1H3HXvIsdauya5mu,NL89370400440532013023,NL
acct_1H339eK18v0ZDsUA,NL89370400440532013024,NL
acct_1H338uIMUAuqWvxS,NL89370400440532013025,NL
acct_1H2znfD4cuYvah34,NL89370400440532013026,NL
acct_1H2Y0sHmDyLKjDxm,NL89370400440532013027,NL
acct_1H0OQdLBQB1iHAGA,NL89370400440532013028,NL
acct_1H0O4PEahOBcQRiz,NL89370400440532013029,NL
acct_1H0O33JKsueAl5a5,NL89370400440532013030,NL
acct_1H0NxmDAerLdANu8,NL89370400440532013031,NL
acct_1H0NxTFkWcseJLRj,NL89370400440532013032,NL
acct_1H02veIRjFAnxOpg,NL89370400440532013033,NL
acct_1GzKMFEssOsLvZAR,NL89370400440532013034,NL
acct_1GzK7LKGtMJ6vZnd,NL89370400440532013035,NL
acct_1GzK75BXXAOdIxBY,NL89370400440532013036,NL
acct_1GzJt6L4fN4BrIF5,NL89370400440532013037,NL
acct_1GzJqXCBvIFIMT2W,NL89370400440532013038,NL
acct_1GzJqILsEbJ0HvB2,NL89370400440532013039,NL
acct_1GzJo4K3TL5Fh31O,NL89370400440532013040,NL
acct_1GzJmJIEUNnd7TZm,NL89370400440532013041,NL
acct_1GzJkMCtKxOovzR0,NL89370400440532013042,NL
acct_1GzJgKKXKkqVTbMi,NL89370400440532013043,NL
acct_1GzJdhD6DWCSHlOU,NL89370400440532013044,NL
acct_1GzJbZDzX40gRmFf,NL89370400440532013045,NL
acct_1GzJbDH1RdLR2LB0,NL89370400440532013046,NL
acct_1GxbD5DWeqZJhnsv,NL89370400440532013047,NL
acct_1Gxb8TE9mBYXIExp,NL89370400440532013048,NL
acct_1Gxb7IJKAmyGmSLY,NL89370400440532013049,NL
acct_1Gxb5QGwanLnPkt3,NL89370400440532013050,NL
acct_1GxX7pF2LmNVfQRN,NL89370400440532013051,NL
acct_1GxX6zInjID7QshA,NL89370400440532013052,NL
acct_1GxVsgKBL0egtoNi,NL89370400440532013053,NL
acct_1GxUVHAqdk0S7Yjb,NL89370400440532013054,NL
acct_1GxUUoIJsjbWNYLL,NL89370400440532013055,NL
acct_1GxURDBVpNB6CKui,NL89370400440532013056,NL
acct_1GxUOYKv0HP9AZF0,NL89370400440532013057,NL
acct_1GxUNmGyBdKSI8hr,NL89370400440532013058,NL
acct_1GxULfH99hXXuBex,NL89370400440532013059,NL
acct_1GxULJKCmgR4NKM8,NL89370400440532013060,NL
acct_1GxUL6BdEs5Z26Ut,NL89370400440532013061,NL
acct_1GxUJ5Da1LkTFqJo,NL89370400440532013062,NL
acct_1GxUA1EoWzFPqGWX,NL89370400440532013063,NL
acct_1GxAlWGRggYF1V2D,NL89370400440532013064,NL
acct_1GxAiVGVhGFpO6r9,NL89370400440532013065,NL
acct_1GxAg6IfmPrrb29U,NL89370400440532013066,NL
acct_1GxAbHC5YeNIdWLn,NL89370400440532013067,NL
acct_1GxAb3Ab2TOE1AMh,NL89370400440532013068,NL
acct_1GxAZREn27RvieKj,NL89370400440532013069,NL
acct_1GxAZ8I0EwEV8LEN,NL89370400440532013070,NL
acct_1GxAYHGCxRTa8HHU,NL89370400440532013071,NL
acct_1GxAXxCsdpnqB7Pq,NL89370400440532013072,NL
acct_1GxAXfCHTsyLyMNx,NL89370400440532013073,NL
acct_1GxAXIKcVqDhGoAD,NL89370400440532013074,NL
acct_1GxAWxLWq2noB5Qa,NL89370400440532013075,NL
acct_1GxAW9EFBw0MYPO0,NL89370400440532013076,NL
acct_1GxAW9CtzZrLhZOD,NL89370400440532013077,NL
acct_1GxAUQE9MgmG0zF7,NL89370400440532013078,NL
acct_1GxAUQCdTV5xKSbg,NL89370400440532013079,NL
acct_1GxASMIl7DdxP5KY,NL89370400440532013080,NL
acct_1GxASMIaH30U4Pmi,NL89370400440532013081,NL
acct_1GxANpLNK0W7wXH5,NL89370400440532013082,NL
acct_1GxALGAbFS1ci7Yd,NL89370400440532013083,NL
acct_1Gx8HDI6EGDYRWru,NL89370400440532013084,NL
acct_1GwppmI0YuhTGrzn,NL89370400440532013085,NL
acct_1GwpQFEgWIb1nSX4,NL89370400440532013086,NL
acct_1GwpK3Hdt83TC6wy,NL89370400440532013087,NL
acct_1GvkbmBh66t3rR8I,NL89370400440532013088,NL
acct_1Gvka8GXp4QSA2mY,NL89370400440532013089,NL
acct_1GvkYfDF7sTgwCDv,NL89370400440532013090,NL
acct_1GuzbwHrtFdQXOaw,NL89370400440532013091,NL
acct_1GuzUQFdmG4FCc4Y,NL89370400440532013092,NL
acct_1GuzTWCfuWd0ylY1,NL89370400440532013093,NL
acct_1GuzRgCO5eSlwGxF,NL89370400440532013094,NL
acct_1GuytrFRJWp1Hafl,NL89370400440532013095,NL
acct_1GuytCLG9PK2RH8J,NL89370400440532013096,NL
acct_1GuyrcI2BDZ7OdQh,NL89370400440532013097,NL
acct_1GuyqlJeRJ93aQuz,NL89370400440532013098,NL
acct_1GuyoBHDrmOo8yDV,NL89370400440532013099,NL
acct_1GuyknJik72Cmd1N,NL89370400440532013100,NL
acct_1GuyhuLkdd6tWSWM,NL89370400440532013101,NL
acct_1GuycBHXeNVb41aT,NL89370400440532013102,NL
acct_1GuyZ3D8DIKWKIZV,NL89370400440532013103,NL
acct_1GuyVKL9YnfeXUhO,NL89370400440532013104,NL
acct_1GuyU1GNiuYP10bw,NL89370400440532013105,NL
acct_1GuyTMHWzk2p7sYc,NL89370400440532013106,NL
acct_1GuySBDoWFdSG8mp,NL89370400440532013107,NL
acct_1GuyIUCUGwHrYAQA,NL89370400440532013108,NL
acct_1GsUwMEIppNlNlSi,NL89370400440532013109,NL
acct_1GsUvGLykyb58xcl,NL89370400440532013110,NL
acct_1GsUsXGgpqVmirun,NL89370400440532013111,NL
acct_1GsUn1KM6sWrhiWR,NL89370400440532013112,NL
acct_1GsUlLB2oWIg2xCH,NL89370400440532013113,NL
acct_1GsUifKOFPaEg5wl,NL89370400440532013114,NL
acct_1GsUiWB7DqGZ7T2b,NL89370400440532013115,NL
acct_1GsUcOJZpqYqnyVy,NL89370400440532013116,NL